Workbook

Sheet Feuil1
B3: Objectif 600
B4: =230 -> 230
B6: R3 | C6: 1100
B7: R4 | C7: 1100
B8: LQ | C8: 1100
B9: Faisable | C9: 3300 | D9: Obj | E9: 2600

Sheet Production Annuel 2026
K1: Total entrée ligne (kg) | L1: Total entrée recyclage N°3 (kg) | M1: TOTAL (t) | N1: Objectif mois (t) | O1: Diff
J2: Janvier | K2: ='Janvier 2026'!Y25 -> 17028 | L2: ='Janvier 2026'!AA25 -> 14398 | M2: =(K2+L2)/1000 -> 31.426
J3: Février | K3: ='Février 2026'!Y25 -> 15916 | L3: ='Février 2026'!AA25 -> 13236 | M3: =(K3+L3)/1000 -> 29.152 | N3: ='Février 2026'!AC29 -> 41.6 | O3: =N3-M3 -> 12.448
J4: Mars | K4: ='Mars 2026'!Y25 -> 15698 | L4: ='Mars 2026'!AA25 -> 12268 | M4: =(K4+L4)/1000 -> 27.966 | N4: ='Mars 2026'!AE29 -> 46.8 | O4: =N4-M4 -> 18.834
J5: Avril | M5: =(K5+L5)/1000 -> 0
J6: Mai | M6: =(K6+L6)/1000 -> 0
J7: Juin | M7: =(K7+L7)/1000 -> 0
J8: Juillet | M8: =(K8+L8)/1000 -> 0
J9: Août | M9: =(K9+L9)/1000 -> 0
J10: Septembre | M10: =(K10+L10)/1000 -> 0
J11: Octobre | M11: =(K11+L11)/1000 -> 0
J12: Novembre | M12: =(K12+L12)/1000 -> 0
J13: Décembre | M13: =(K13+L13)/1000 -> 0

Sheet Janvier 2026
V1: Date | W1: Effectif Théorique | X1: Effectif réel | Y1: Total entrée ligne (kg) | Z1: Objectif entrée ligne (kg) | AA1: Total entrée recyclage N°3 (kg) | AB1: Objectif entrée recyclage N°3 (kg) | AC1: Total Jour (t) | AD1: productivité Kg/per (kg) | AE1: Commentaire
V2: 46023 | Z2: =$Y$27 -> 1300 | AB2: =$AA$27 -> 1300 | AE2: Férié
V3: 46024 | Z3: =$Y$27 -> 1300 | AB3: =$AA$27 -> 1300 | AE3: Fermé
V4: 46027 | W4: 10 | X4: 8 | Z4: =$Y$27 -> 1300 | AB4: =$AA$27 -> 1300 | AE4: Neige finit à 10h
V5: 46028 | Z5: =$Y$27 -> 1300 | AB5: =$AA$27 -> 1300 | AE5: Neige Fermé
V6: 46029 | W6: 10 | X6: 2 | Y6: 0 | Z6: =$Y$27 -> 1300 | AA6: 0 | AB6: =$AA$27 -> 1300 | AC6: =(Y6+AA6)/1000 -> 0 | AD6: =(AC6/X6)*1000 -> 0 | AE6: Prépa VAK
V7: 46030 | W7: 12 | X7: 9 | Y7: 0 | Z7: =$Y$27 -> 1300 | AA7: 0 | AB7: =$AA$27 -> 1300 | AC7: =(Y7+AA7)/1000 -> 0 | AD7: =(AC7/X7)*1000 -> 0 | AE7: Prépa VAK
V8: 46031 | W8: 12 | X8: 10 | Y8: 0 | Z8: =$Y$27 -> 1300 | AA8: 0 | AB8: =$AA$27 -> 1300 | AC8: =(Y8+AA8)/1000 -> 0 | AD8: =(AC8/X8)*1000 -> 0 | AE8: VAK
V9: 46034 | W9: 10 | X9: 7 | Y9: 489 | Z9: =$Y$27 -> 1300 | AA9: 280 | AB9: =$AA$27 -> 1300 | AC9: =(Y9+AA9)/1000 -> 0.769 | AD9: =(AC9/X9)*1000 -> 109.85714
V10: 46035 | W10: 10 | X10: 11 | Y10: 937 | Z10: =$Y$27 -> 1300 | AA10: 1387 | AB10: =$AA$27 -> 1300 | AC10: =(Y10+AA10)/1000 -> 2.324 | AD10: =(AC10/X10)*1000 -> 211.27273
V11: 46036 | W11: 10 | X11: 11 | Y11: 1733 | Z11: =$Y$27 -> 1300 | AA11: 1376 | AB11: =$AA$27 -> 1300 | AC11: =(Y11+AA11)/1000 -> 3.109 | AD11: =(AC11/X11)*1000 -> 282.63636
V12: 46037 | W12: 12 | X12: 11 | Y12: 1204 | Z12: =$Y$27 -> 1300 | AA12: 953 | AB12: =$AA$27 -> 1300 | AC12: =(Y12+AA12)/1000 -> 2.157 | AD12: =(AC12/X12)*1000 -> 196.09091
V13: 46038 | W13: 12 | X13: 10 | Y13: 1096 | Z13: =$Y$27 -> 1300 | AA13: 1017 | AB13: =$AA$27 -> 1300 | AC13: =(Y13+AA13)/1000 -> 2.113 | AD13: =(AC13/X13)*1000 -> 211.3
V14: 46041 | W14: 10 | X14: 7 | Y14: 1138 | Z14: =$Y$27 -> 1300 | AA14: 1064 | AB14: =$AA$27 -> 1300 | AC14: =(Y14+AA14)/1000 -> 2.202 | AD14: =(AC14/X14)*1000 -> 314.57143
V15: 46042 | W15: 10 | X15: 9 | Y15: 1091 | Z15: =$Y$27 -> 1300 | AA15: 761 | AB15: =$AA$27 -> 1300 | AC15: =(Y15+AA15)/1000 -> 1.852 | AD15: =(AC15/X15)*1000 -> 205.77778
V16: 46043 | W16: 10 | X16: 12 | Y16: 1152 | Z16: =$Y$27 -> 1300 | AA16: 1019 | AB16: =$AA$27 -> 1300 | AC16: =(Y16+AA16)/1000 -> 2.171 | AD16: =(AC16/X16)*1000 -> 180.91667
V17: 46044 | W17: 12 | X17: 9 | Y17: 1319 | Z17: =$Y$27 -> 1300 | AA17: 955 | AB17: =$AA$27 -> 1300 | AC17: =(Y17+AA17)/1000 -> 2.274 | AD17: =(AC17/X17)*1000 -> 252.66667
V18: 46045 | W18: 12 | X18: 7 | Y18: 817 | Z18: =$Y$27 -> 1300 | AA18: 1112 | AB18: =$AA$27 -> 1300 | AC18: =(Y18+AA18)/1000 -> 1.929 | AD18: =(AC18/X18)*1000 -> 275.57143
V19: 46048 | W19: 10 | X19: 8 | Y19: 1062 | Z19: =$Y$27 -> 1300 | AA19: 1102 | AB19: =$AA$27 -> 1300 | AC19: =(Y19+AA19)/1000 -> 2.164 | AD19: =(AC19/X19)*1000 -> 270.5
V20: 46049 | W20: 10 | X20: 10 | Y20: 1164 | Z20: =$Y$27 -> 1300 | AA20: 757 | AB20: =$AA$27 -> 1300 | AC20: =(Y20+AA20)/1000 -> 1.921 | AD20: =(AC20/X20)*1000 -> 192.1
... V23: 46052 | W23: 12 | X23: 10 | Y23: 1089 | Z23: =$Y$27 -> 1300 | AA23: 785 | AB23: =$AA$27 -> 1300 | AC23: =(Y23+AA23)/1000 -> 1.874 | AD23: =(AC23/X23)*1000 -> 187.4
V25: TOTAL | Y25: =SUM(Y2:Y24) -> 17028 | AA25: =SUM(AA2:AA24) -> 14398 | AC25: =SUM(AC2:AC24) -> 31.426
V26: Moyenne | W26: =AVERAGE(W2:W23) -> 10.842105 | X26: =AVERAGE(X2:X23) -> 8.9473684 | Y26: =AVERAGE(Y2:Y23) -> 946 | AA26: =AVERAGE(AA2:AA23) -> 799.88889 | AC26: =AVERAGE(AC2:AC23) -> 1.7458889 | AD26: =AVERAGE(AD2:AD23) -> 187.32685
V27: Obj | Y27: 1300 | AA27: 1300
V29: Obj mois | Y29: =AC29/2 -> 23.4 | AA29: =AC29/2 -> 23.4 | AC29: =(18*2600)/1000 -> 46.8
V30: Diff

Sheet Février 2026
V1: Date | W1: Effectif théorique | X1: Effectif réel | Y1: Total entrée ligne (kg) | Z1: Objectif entrée ligne (kg) | AA1: Total entrée recyclage N°3 (kg) | AB1: Objectif entrée recyclage N°3 (kg) | AC1: Total Jour (t) | AD1: productivité Kg/per (kg) | AE1: Commentaire
V2: 46055 | W2: 9 | X2: 8 | Y2: 1064 | Z2: =$Y$27 -> 1300 | AA2: 728 | AB2: =$AA$27 -> 1300 | AC2: =(Y2+AA2)/1000 -> 1.792 | AD2: =(AC2/X2)*1000 -> 224
V3: 46056 | W3: 10 | X3: 9 | Y3: 501 | Z3: =$Y$27 -> 1300 | AA3: 520 | AB3: =$AA$27 -> 1300 | AC3: =(Y3+AA3)/1000 -> 1.021 | AD3: =(AC3/X3)*1000 -> 113.44444 | AE3: Prépa VAK à 12H15
V4: 46057 | W4: 9 | X4: 9 | Z4: =$Y$27 -> 1300 | AB4: =$AA$27 -> 1300 | AC4: =(Y4+AA4)/1000 -> 0 | AD4: =(AC4/X4)*1000 -> 0 | AE4: Prépa Vak
V5: 46058 | W5: 10 | X5: 9 | Z5: =$Y$27 -> 1300 | AB5: =$AA$27 -> 1300 | AC5: =(Y5+AA5)/1000 -> 0 | AD5: =(AC5/X5)*1000 -> 0 | AE5: Prépa Vak
V6: 46059 | W6: 11 | X6: 10 | Z6: =$Y$27 -> 1300 | AB6: =$AA$27 -> 1300 | AC6: =(Y6+AA6)/1000 -> 0 | AD6: =(AC6/X6)*1000 -> 0 | AE6: VAK
V7: 46062 | W7: 9 | X7: 7 | Y7: 0 | Z7: =$Y$27 -> 1300 | AA7: 0 | AB7: =$AA$27 -> 1300 | AC7: =(Y7+AA7)/1000 -> 0 | AD7: =(AC7/X7)*1000 -> 0 | AE7: Retour VAK
V8: 46063 | W8: 10 | X8: 8 | Y8: 1412 | Z8: =$Y$27 -> 1300 | AA8: 691 | AB8: =$AA$27 -> 1300 | AC8: =(Y8+AA8)/1000 -> 2.103 | AD8: =(AC8/X8)*1000 -> 262.875
V9: 46064 | W9: 9 | X9: 7 | Y9: 733 | Z9: =$Y$27 -> 1300 | AA9: 958 | AB9: =$AA$27 -> 1300 | AC9: =(Y9+AA9)/1000 -> 1.691 | AD9: =(AC9/X9)*1000 -> 241.57143
V10: 46065 | W10: 10 | X10: 7 | Y10: 459 | Z10: =$Y$27 -> 1300 | AA10: 977 | AB10: =$AA$27 -> 1300 | AC10: =(Y10+AA10)/1000 -> 1.436 | AD10: =(AC10/X10)*1000 -> 205.14286
V11: 46066 | W11: 11 | X11: 7 | Y11: 1151 | Z11: =$Y$27 -> 1300 | AA11: 952 | AB11: =$AA$27 -> 1300 | AC11: =(Y11+AA11)/1000 -> 2.103 | AD11: =(AC11/X11)*1000 -> 300.42857
V12: 46069 | W12: 9 | X12: 6 | Y12: 855 | Z12: =$Y$27 -> 1300 | AA12: 994 | AB12: =$AA$27 -> 1300 | AC12: =(Y12+AA12)/1000 -> 1.849 | AD12: =(AC12/X12)*1000 -> 308.16667
V13: 46070 | W13: 10 | X13: 6 | Y13: 1030 | Z13: =$Y$27 -> 1300 | AA13: 935 | AB13: =$AA$27 -> 1300 | AC13: =(Y13+AA13)/1000 -> 1.965 | AD13: =(AC13/X13)*1000 -> 327.5
V14: 46071 | W14: 9 | X14: 7 | Y14: 1093 | Z14: =$Y$27 -> 1300 | AA14: 920 | AB14: =$AA$27 -> 1300 | AC14: =(Y14+AA14)/1000 -> 2.013 | AD14: =(AC14/X14)*1000 -> 287.57143
V15: 46072 | W15: 10 | X15: 7 | Y15: 1343 | Z15: =$Y$27 -> 1300 | AA15: 880 | AB15: =$AA$27 -> 1300 | AC15: =(Y15+AA15)/1000 -> 2.223 | AD15: =(AC15/X15)*1000 -> 317.57143
V16: 46073 | W16: 11 | X16: 7 | Y16: 1092 | Z16: =$Y$27 -> 1300 | AA16: 968 | AB16: =$AA$27 -> 1300 | AC16: =(Y16+AA16)/1000 -> 2.06 | AD16: =(AC16/X16)*1000 -> 294.28571
V17: 46076 | W17: 9 | X17: 8 | Y17: 1148 | Z17: =$Y$27 -> 1300 | AA17: 746 | AB17: =$AA$27 -> 1300 | AC17: =(Y17+AA17)/1000 -> 1.894 | AD17: =(AC17/X17)*1000 -> 236.75
V18: 46077 | W18: 10 | X18: 8 | Y18: 996 | Z18: =$Y$27 -> 1300 | AA18: 450 | AB18: =$AA$27 -> 1300 | AC18: =(Y18+AA18)/1000 -> 1.446 | AD18: =(AC18/X18)*1000 -> 180.75
V19: 46078 | W19: 9 | X19: 8 | Y19: 828 | Z19: =$Y$27 -> 1300 | AA19: 655 | AB19: =$AA$27 -> 1300 | AC19: =(Y19+AA19)/1000 -> 1.483 | AD19: =(AC19/X19)*1000 -> 185.375
... V21: 46080 | W21: 11 | X21: 10 | Y21: 1206 | Z21: =$Y$27 -> 1300 | AA21: 959 | AB21: =$AA$27 -> 1300 | AC21: =(Y21+AA21)/1000 -> 2.165 | AD21: =(AC21/X21)*1000 -> 216.5
V22: --
V23: --
V25: TOTAL | Y25: =SUM(Y2:Y23) -> 15916 | AA25: =SUM(AA2:AA23) -> 13236 | AC25: =SUM(AC2:AC21) -> 29.152
V26: Moyenne | Y26: =AVERAGE(Y2:Y23) -> 936.23529 | AA26: =AVERAGE(AA2:AA23) -> 778.58824 | AC26: =AVERAGE(AC2:AC23) -> 1.4576 | AD26: =AVERAGE(AD2:AD23) -> 194.63663
V27: Obj jours | Y27: 1300 | AA27: 1300
V29: Obj mois | Y29: =(AC29/2) -> 20.8 | AA29: =AC29/2 -> 20.8 | AC29: =(16*2600)/1000 -> 41.6
H30: Objecf Jour : | J30: 2.6 | K30: t | V30: Diff | Y30: =Y29-(Y25/1000) -> 4.884 | AA30: =AA29-(AA25/1000) -> 7.564 | AC30: =AC29-AC25 -> 12.448
H31: Objectif Mois: | J31: =AC29 -> 41.6 | K31: t
I33: Réalisé: | J33: =AC25 -> 29.152 | K33: t

Sheet Mars 2026
V1: Date | W1: Effectif théorique | X1: Effectif réel | Y1: Total entrée ligne (kg) | Z1: Objectif entrée ligne (kg) | AA1: Total entrée recyclage R3 (kg) | AB1: Objectif entrée recyclage R3 (kg) | AC1: Total entrée recyclage R4 (kg) | AD1: Objectif entrée recyclage R3 (kg) | AE1: Total Jour (t) | AF1: Objectif Jours | AG1: productivité Kg/per (kg) | AH1: Commentaire
V2: 46083 | W2: 9 | X2: 7 | Y2: 202 | Z2: =$Y$27 -> 1300 | AA2: 584 | AB2: =$AA$27 -> 1300 | AC2: 0 | AD2: =$AC$27 -> 866.66667 | AE2: =(Y2+AA2+AC2)/1000 -> 0.786 | AF2: =$W$32 -> 2600 | AG2: =(AE2/X2)*1000 -> 112.28571
V3: 46084 | W3: 10 | X3: 6 | Y3: 606 | Z3: =$Y$27 -> 1300 | AA3: 220 | AB3: =$AA$27 -> 1300 | AC3: 0 | AD3: =$AC$27 -> 866.66667 | AE3: =(Y3+AA3+AC3)/1000 -> 0.826 | AF3: =$W$32 -> 2600 | AG3: =(AE3/X3)*1000 -> 137.66667
V4: 46085 | W4: 9 | X4: 6 | Y4: 0 | Z4: =$Y$27 -> 1300 | AA4: 0 | AB4: =$AA$27 -> 1300 | AC4: 0 | AD4: =$AC$27 -> 866.66667 | AE4: =(Y4+AA4+AC4)/1000 -> 0 | AF4: =$W$32 -> 2600 | AG4: =(AE4/X4)*1000 -> 0 | AH4: Prépa Vak
V5: 46086 | W5: 10 | X5: 7 | Y5: 0 | Z5: =$Y$27 -> 1300 | AA5: 0 | AB5: =$AA$27 -> 1300 | AC5: 0 | AD5: =$AC$27 -> 866.66667 | AE5: =(Y5+AA5+AC5)/1000 -> 0 | AF5: =$W$32 -> 2600 | AG5: =(AE5/X5)*1000 -> 0 | AH5: Prépa Vak
V6: 46087 | W6: 11 | X6: 8 | Y6: 0 | Z6: =$Y$27 -> 1300 | AA6: 0 | AB6: =$AA$27 -> 1300 | AC6: 0 | AD6: =$AC$27 -> 866.66667 | AE6: =(Y6+AA6+AC6)/1000 -> 0 | AF6: =$W$32 -> 2600 | AG6: =(AE6/X6)*1000 -> 0 | AH6: VAK
V7: 46090 | W7: 9 | X7: 5 | Y7: 258 | Z7: =$Y$27 -> 1300 | AA7: 0 | AB7: =$AA$27 -> 1300 | AC7: 0 | AD7: =$AC$27 -> 866.66667 | AE7: =(Y7+AA7+AC7)/1000 -> 0.258 | AF7: =$W$32 -> 2600 | AG7: =(AE7/X7)*1000 -> 51.6 | AH7: Retour Vak 1/2 journée
V8: 46091 | W8: 10 | X8: 6 | Y8: 1089 | Z8: =$Y$27 -> 1300 | AA8: 641 | AB8: =$AA$27 -> 1300 | AC8: 0 | AD8: =$AC$27 -> 866.66667 | AE8: =(Y8+AA8+AC8)/1000 -> 1.73 | AF8: =$W$32 -> 2600 | AG8: =(AE8/X8)*1000 -> 288.33333
V9: 46092 | W9: 9 | X9: 5 | Y9: 724 | Z9: =$Y$27 -> 1300 | AA9: 868 | AB9: =$AA$27 -> 1300 | AC9: 0 | AD9: =$AC$27 -> 866.66667 | AE9: =(Y9+AA9+AC9)/1000 -> 1.592 | AF9: =$W$32 -> 2600 | AG9: =(AE9/X9)*1000 -> 318.4
V10: 46093 | W10: 10 | X10: 6 | Y10: 1313 | Z10: =$Y$27 -> 1300 | AA10: 760 | AB10: =$AA$27 -> 1300 | AC10: 0 | AD10: =$AC$27 -> 866.66667 | AE10: =(Y10+AA10+AC10)/1000 -> 2.073 | AF10: =$W$32 -> 2600 | AG10: =(AE10/X10)*1000 -> 345.5
V11: 46094 | W11: 11 | X11: 6 | Y11: 1100 | Z11: =$Y$27 -> 1300 | AA11: 818 | AB11: =$AA$27 -> 1300 | AC11: 0 | AD11: =$AC$27 -> 866.66667 | AE11: =(Y11+AA11+AC11)/1000 -> 1.918 | AF11: =$W$32 -> 2600 | AG11: =(AE11/X11)*1000 -> 319.66667
V12: 46097 | W12: 9 | X12: 7 | Y12: 1013 | Z12: =$Y$27 -> 1300 | AA12: 813 | AB12: =$AA$27 -> 1300 | AC12: 0 | AD12: =$AC$27 -> 866.66667 | AE12: =(Y12+AA12+AC12)/1000 -> 1.826 | AF12: =$W$32 -> 2600 | AG12: =(AE12/X12)*1000 -> 260.85714
V13: 46098 | W13: 10 | X13: 7 | Y13: 853 | Z13: =$Y$27 -> 1300 | AA13: 904 | AB13: =$AA$27 -> 1300 | AC13: 0 | AD13: =$AC$27 -> 866.66667 | AE13: =(Y13+AA13+AC13)/1000 -> 1.757 | AF13: =$W$32 -> 2600 | AG13: =(AE13/X13)*1000 -> 251
V14: 46099 | W14: 9 | X14: 9 | Y14: 1277 | Z14: =$Y$27 -> 1300 | AA14: 1011 | AB14: =$AA$27 -> 1300 | AC14: 0 | AD14: =$AC$27 -> 866.66667 | AE14: =(Y14+AA14+AC14)/1000 -> 2.288 | AF14: =$W$32 -> 2600 | AG14: =(AE14/X14)*1000 -> 254.22222
V15: 46100 | W15: 10 | X15: 7 | Y15: 751 | Z15: =$Y$27 -> 1300 | AA15: 807 | AB15: =$AA$27 -> 1300 | AC15: 0 | AD15: =$AC$27 -> 866.66667 | AE15: =(Y15+AA15+AC15)/1000 -> 1.558 | AF15: =$W$32 -> 2600 | AG15: =(AE15/X15)*1000 -> 222.57143
V16: 46101 | W16: 11 | X16: 7 | Y16: 818 | Z16: =$Y$27 -> 1300 | AA16: 825 | AB16: =$AA$27 -> 1300 | AC16: 0 | AD16: =$AC$27 -> 866.66667 | AE16: =(Y16+AA16+AC16)/1000 -> 1.643 | AF16: =$W$32 -> 2600 | AG16: =(AE16/X16)*1000 -> 234.71429
H17: Objectif Mois : | I17: =AE29 -> 46.8 | J17: t | V17: 46104 | W17: 10 | X17: 8 | Y17: 980 | Z17: =$Y$27 -> 1300 | AA17: 894 | AB17: =$AA$27 -> 1300 | AC17: 0 | AD17: =$AC$27 -> 866.66667 | AE17: =(Y17+AA17+AC17)/1000 -> 1.874 | AF17: =$W$32 -> 2600 | AG17: =(AE17/X17)*1000 -> 234.25 | AH17: Arrivé des nouvelles
H18: Objectif Jours: | I18: =W32/1000 -> 2.6 | J18: t | V18: 46105 | W18: 13 | X18: 12 | Y18: 888 | Z18: =$Y$27 -> 1300 | AA18: 963 | AB18: =$AA$27 -> 1300 | AC18: 0 | AD18: =$AC$27 -> 866.66667 | AE18: =(Y18+AA18+AC18)/1000 -> 1.851 | AF18: =$W$32 -> 2600 | AG18: =(AE18/X18)*1000 -> 154.25
V19: 46106 | W19: 13 | X19: 12 | Y19: 1207 | Z19: =$Y$27 -> 1300 | AA19: 751 | AB19: =$AA$27 -> 1300 | AC19: 0 | AD19: =$AC$27 -> 866.66667 | AE19: =(Y19+AA19+AC19)/1000 -> 1.958 | AF19: =$W$32 -> 2600 | AG19: =(AE19/X19)*1000 -> 163.16667
H20: Réalisé: | I20: =AE25 -> 29.669 | J20: t | V20: 46107 | W20: 15 | X20: 13 | Y20: 1196 | Z20: =$Y$27 -> 1300 | AA20: 624 | AB20: =$AA$27 -> 1300 | AC20: 342 | AD20: =$AC$27 -> 866.66667 | AE20: =(Y20+AA20+AC20)/1000 -> 2.162 | AF20: =$W$32 -> 2600 | AG20: =(AE20/X20)*1000 -> 166.30769 | AH20: R3 624 ET R4342
V21: 46108 | W21: 17 | X21: 14 | Y21: 1423 | Z21: =$Y$27 -> 1300 | AA21: 785 | AB21: =$AA$27 -> 1300 | AC21: 1361 | AD21: =$AC$27 -> 866.66667 | AE21: =(Y21+AA21+AC21)/1000 -> 3.569 | AF21: =$W$32 -> 2600 | AG21: =(AE21/X21)*1000 -> 254.92857
V22: 46111 | W22: 9 | Z22: =$Y$27 -> 1300 | AB22: =$AA$27 -> 1300 | AD22: =$AC$27 -> 866.66667 | AE22: =(Y22+AA22+AC22)/1000 -> 0 | AF22: =$W$32 -> 2600 | AG22: =(AE22/X22)*1000 -> #DIV/0!
V23: 46112 | W23: 10 | Z23: =$Y$27 -> 1300 | AB23: =$AA$27 -> 1300 | AD23: =$AC$27 -> 866.66667 | AE23: =(Y23+AA23+AC23)/1000 -> 0 | AF23: =$W$32 -> 2600 | AG23: =(AE23/X23)*1000 -> #DIV/0!
V25: TOTAL | Y25: =SUM(Y2:Y23) -> 15698 | AA25: =SUM(AA2:AA23) -> 12268 | AC25: =SUM(AC2:AC23) -> 1703 | AE25: =SUM(AE2:AE23) -> 29.669
V26: Moyenne | Y26: =AVERAGE(Y2:Y23) -> 784.9 | AA26: =AVERAGE(AA2:AA23) -> 613.4 | AC26: =AVERAGE(AC2:AC23) -> 85.15 | AE26: =AVERAGE(AE2:AE23) -> 1.3485909 | AG26: =AVERAGE(AG2:AG23) -> #DIV/0!
V27: Obj jours | Y27: =W32/2 -> 1300 | AA27: =W32/2 -> 1300 | AC27: =W32/3 -> 866.66667
V29: Obj mois | Y29: =(AE29/2) -> 23.4 | AA29: =AE29/2 -> 23.4 | AC29: =AH29/2 -> 0 | AE29: =(W33*W32)/1000 -> 46.8
V30: Diff | Y30: =Y29-(Y25/1000) -> 7.702 | AA30: =AA29-(AA25/1000) -> 11.132 | AC30: =AC29-(AC25/1000) -> -1.703 | AE30: =AE29-AE25 -> 17.131
V32: Obj Jours | W32: 2600
V33: Nbr Jours | W33: 18

Sheet Avril 2026
V1: Date | W1: Effectif théorique | X1: Effectif réel | Y1: Total entrée ligne (kg) | Z1: Objectif entrée ligne (kg) | AA1: Total entrée recyclage R3 (kg) | AB1: Objectif entrée recyclage R3 (kg) | AC1: Total entrée recyclage R4 (kg) | AD1: Objectif entrée recyclage R3 (kg) | AE1: Total Jour (t) | AF1: Objectif Jours | AG1: productivité Kg/per (kg) | AH1: Commentaire
V2: 46113 | W2: 12 | Z2: =$Y$27 -> 866.66667 | AB2: =$AA$27 -> 866.66667 | AD2: =$AC$27 -> 866.66667 | AE2: =(Y2+AA2+AC2)/1000 -> 0 | AF2: =$W$32 -> 2600 | AG2: =(AE2/X2)*1000 -> #DIV/0!
V3: 46114 | W3: 13 | Z3: =$Y$27 -> 866.66667 | AB3: =$AA$27 -> 866.66667 | AD3: =$AC$27 -> 866.66667 | AE3: =(Y3+AA3+AC3)/1000 -> 0 | AF3: =$W$32 -> 2600 | AG3: =(AE3/X3)*1000 -> #DIV/0!
V4: 46115 | W4: 15 | Z4: =$Y$27 -> 866.66667 | AB4: =$AA$27 -> 866.66667 | AD4: =$AC$27 -> 866.66667 | AE4: =(Y4+AA4+AC4)/1000 -> 0 | AF4: =$W$32 -> 2600 | AG4: =(AE4/X4)*1000 -> #DIV/0!
V5: 46119 | W5: 12 | Z5: =$Y$27 -> 866.66667 | AB5: =$AA$27 -> 866.66667 | AD5: =$AC$27 -> 866.66667 | AE5: =(Y5+AA5+AC5)/1000 -> 0 | AF5: =$W$32 -> 2600 | AG5: =(AE5/X5)*1000 -> #DIV/0!
V6: 46120 | W6: 12 | Y6: 0 | Z6: =$Y$27 -> 866.66667 | AA6: 0 | AB6: =$AA$27 -> 866.66667 | AC6: 0 | AD6: =$AC$27 -> 866.66667 | AE6: =(Y6+AA6+AC6)/1000 -> 0 | AF6: =$W$32 -> 2600 | AG6: =(AE6/X6)*1000 -> #DIV/0! | AH6: PREPA VAK
V7: 46121 | W7: 13 | Y7: 0 | Z7: =$Y$27 -> 866.66667 | AA7: 0 | AB7: =$AA$27 -> 866.66667 | AC7: 0 | AD7: =$AC$27 -> 866.66667 | AE7: =(Y7+AA7+AC7)/1000 -> 0 | AF7: =$W$32 -> 2600 | AG7: =(AE7/X7)*1000 -> #DIV/0! | AH7: PREPA VAK
V8: 46122 | W8: 15 | Y8: 0 | Z8: =$Y$27 -> 866.66667 | AA8: 0 | AB8: =$AA$27 -> 866.66667 | AC8: 0 | AD8: =$AC$27 -> 866.66667 | AE8: =(Y8+AA8+AC8)/1000 -> 0 | AF8: =$W$32 -> 2600 | AG8: =(AE8/X8)*1000 -> #DIV/0! | AH8: VAK
V9: 46125 | W9: 14 | Y9: 0 | Z9: =$Y$27 -> 866.66667 | AA9: 0 | AB9: =$AA$27 -> 866.66667 | AC9: 0 | AD9: =$AC$27 -> 866.66667 | AE9: =(Y9+AA9+AC9)/1000 -> 0 | AF9: =$W$32 -> 2600 | AG9: =(AE9/X9)*1000 -> #DIV/0! | AH9: RETOUR VAK
V10: 46126 | W10: 12 | Z10: =$Y$27 -> 866.66667 | AB10: =$AA$27 -> 866.66667 | AD10: =$AC$27 -> 866.66667 | AE10: =(Y10+AA10+AC10)/1000 -> 0 | AF10: =$W$32 -> 2600 | AG10: =(AE10/X10)*1000 -> #DIV/0!
V11: 46127 | W11: 12 | Z11: =$Y$27 -> 866.66667 | AB11: =$AA$27 -> 866.66667 | AD11: =$AC$27 -> 866.66667 | AE11: =(Y11+AA11+AC11)/1000 -> 0 | AF11: =$W$32 -> 2600 | AG11: =(AE11/X11)*1000 -> #DIV/0!
V12: 46128 | W12: 13 | Z12: =$Y$27 -> 866.66667 | AB12: =$AA$27 -> 866.66667 | AD12: =$AC$27 -> 866.66667 | AE12: =(Y12+AA12+AC12)/1000 -> 0 | AF12: =$W$32 -> 2600 | AG12: =(AE12/X12)*1000 -> #DIV/0!
V13: 46129 | W13: 15 | Z13: =$Y$27 -> 866.66667 | AB13: =$AA$27 -> 866.66667 | AD13: =$AC$27 -> 866.66667 | AE13: =(Y13+AA13+AC13)/1000 -> 0 | AF13: =$W$32 -> 2600 | AG13: =(AE13/X13)*1000 -> #DIV/0!
V14: 46132 | W14: 14 | Z14: =$Y$27 -> 866.66667 | AB14: =$AA$27 -> 866.66667 | AD14: =$AC$27 -> 866.66667 | AE14: =(Y14+AA14+AC14)/1000 -> 0 | AF14: =$W$32 -> 2600 | AG14: =(AE14/X14)*1000 -> #DIV/0!
V15: 46133 | W15: 12 | Z15: =$Y$27 -> 866.66667 | AB15: =$AA$27 -> 866.66667 | AD15: =$AC$27 -> 866.66667 | AE15: =(Y15+AA15+AC15)/1000 -> 0 | AF15: =$W$32 -> 2600 | AG15: =(AE15/X15)*1000 -> #DIV/0!
V16: 46134 | W16: 12 | Z16: =$Y$27 -> 866.66667 | AB16: =$AA$27 -> 866.66667 | AD16: =$AC$27 -> 866.66667 | AE16: =(Y16+AA16+AC16)/1000 -> 0 | AF16: =$W$32 -> 2600 | AG16: =(AE16/X16)*1000 -> #DIV/0!
H17: Objectif Mois : | I17: =AE29 -> 44.2 | J17: t | V17: 46135 | W17: 13 | Z17: =$Y$27 -> 866.66667 | AB17: =$AA$27 -> 866.66667 | AD17: =$AC$27 -> 866.66667 | AE17: =(Y17+AA17+AC17)/1000 -> 0 | AF17: =$W$32 -> 2600 | AG17: =(AE17/X17)*1000 -> #DIV/0!
H18: Objectif Jours: | I18: =W32/1000 -> 2.6 | J18: t | V18: 46136 | W18: 15 | Z18: =$Y$27 -> 866.66667 | AB18: =$AA$27 -> 866.66667 | AD18: =$AC$27 -> 866.66667 | AE18: =(Y18+AA18+AC18)/1000 -> 0 | AF18: =$W$32 -> 2600 | AG18: =(AE18/X18)*1000 -> #DIV/0!
V19: 46139 | W19: 14 | Z19: =$Y$27 -> 866.66667 | AB19: =$AA$27 -> 866.66667 | AD19: =$AC$27 -> 866.66667 | AE19: =(Y19+AA19+AC19)/1000 -> 0 | AF19: =$W$32 -> 2600 | AG19: =(AE19/X19)*1000 -> #DIV/0!
H20: Réalisé: | I20: =AE25 -> 0 | J20: t | V20: 46140 | W20: 12 | Z20: =$Y$27 -> 866.66667 | AB20: =$AA$27 -> 866.66667 | AD20: =$AC$27 -> 866.66667 | AE20: =(Y20+AA20+AC20)/1000 -> 0 | AF20: =$W$32 -> 2600 | AG20: =(AE20/X20)*1000 -> #DIV/0!
V21: 46141 | W21: 12 | Z21: =$Y$27 -> 866.66667 | AB21: =$AA$27 -> 866.66667 | AD21: =$AC$27 -> 866.66667 | AE21: =(Y21+AA21+AC21)/1000 -> 0 | AF21: =$W$32 -> 2600 | AG21: =(AE21/X21)*1000 -> #DIV/0!
V22: 46142 | W22: 13 | Z22: =$Y$27 -> 866.66667 | AB22: =$AA$27 -> 866.66667 | AD22: =$AC$27 -> 866.66667 | AE22: =(Y22+AA22+AC22)/1000 -> 0 | AF22: =$W$32 -> 2600 | AG22: =(AE22/X22)*1000 -> #DIV/0!
V23: - | Z23: =$Y$27 -> 866.66667 | AB23: =$AA$27 -> 866.66667 | AD23: =$AC$27 -> 866.66667 | AE23: =(Y23+AA23+AC23)/1000 -> 0 | AF23: =$W$32 -> 2600 | AG23: =(AE23/X23)*1000 -> #DIV/0!
V25: TOTAL | Y25: =SUM(Y2:Y23) -> 0 | AA25: =SUM(AA2:AA23) -> 0 | AC25: =SUM(AC2:AC23) -> 0 | AE25: =SUM(AE2:AE23) -> 0
V26: Moyenne | Y26: =AVERAGE(Y2:Y23) -> 0 | AA26: =AVERAGE(AA2:AA23) -> 0 | AC26: =AVERAGE(AC2:AC23) -> 0 | AE26: =AVERAGE(AE2:AE23) -> 0 | AG26: =AVERAGE(AG2:AG23) -> #DIV/0!
V27: Obj jours | Y27: =W32/3 -> 866.66667 | AA27: =W32/3 -> 866.66667 | AC27: =W32/3 -> 866.66667
V29: Obj mois | Y29: =(AE29/2) -> 22.1 | AA29: =AE29/2 -> 22.1 | AC29: =AH29/2 -> 0 | AE29: =(W33*W32)/1000 -> 44.2
V30: Diff | Y30: =Y29-(Y25/1000) -> 22.1 | AA30: =AA29-(AA25/1000) -> 22.1 | AC30: =AC29-(AC25/1000) -> 0 | AE30: =AE29-AE25 -> 44.2
V32: Obj Jours | W32: 2600
V33: Nbr Jours | W33: 17
